{
    "RT_Model": 3280.655813420972,
    "RT_Accuracy": 98.6312651029006,
    "Cost_Model": 110.10863492063493,
    "Cost_Accuracy": 99.96800013024814
}