{
    "RT_Model": 3007.60503533649,
    "RT_Accuracy": 97.58953160959277,
    "Cost_Model": 79.79537777777777,
    "Cost_Accuracy": 99.98848236031523
}