{
    "RT_Model": 3020.2943238486223,
    "RT_Accuracy": 99.43884114597272,
    "Cost_Model": 104.0457777777778,
    "Cost_Accuracy": 99.97050593919239
}