{
    "RT_Model": 3591.3282064117584,
    "RT_Accuracy": 99.83617589740476,
    "Cost_Model": 117.71743024227234,
    "Cost_Accuracy": 99.96239936832701
}