{
    "RT_Model": 2752.8585371591685,
    "RT_Accuracy": 98.27355675853158,
    "Cost_Model": 78.36871111111112,
    "Cost_Accuracy": 99.98448969418463
}